average_mpg,make
6.486593059936909,Peterbilt
6.499278466741826,Kenworth
6.499494079655544,Freightliner
6.479316628701595,Kenworth
6.4892841648590025,Volvo
6.504574944071589,Mack
6.512533333333334,International
6.515370165745856,Volvo
6.52217907227616,Freightliner
6.535760869565217,Freightliner
